CLASS LABEL,SEQUENCE,ACC_ID,Label_specificity_pca,Label_specificities_umap
Ca,GCCSHPACSVNHPELC,Q1L777,1,1
Ca,CYDGGTSCDSGIQCCSGWCIFVCL,Q9U648,0,2
Ca,ATDCIEAGNYCGPTVMKICCGFCSPYSKICMNYPKN,Q5K0D6,0,0
Ca,CRPSGSPCGVTSICCGRCSRGKCT,Q5K0D5,0,0
Ca,TCNTPTQYCTLHRHCCSLYCHKTIHACA,Q9XYZ1,0,0
Ca,VCIADDMPCGFGLFGGPLCCSGWCLFVCL,Q5K0B9,0,2
Ca,GCLPDEYFCGFSMIGALLCCSGWCLGICMT,Q5K0C0,2,1
Ca,CKAAGKPCSRIAYNCCTGSCRSGKC,Q9XZK2,0,0
Ca,CLDAGEICDFFFPTCCGYCILLFCA,Q9U651,0,2
Ca,YDCEPPGNFCGMIKIGPPCCSGWCFFACA,Q9XZL1,0,2
Ca,CVPYEGPCNWLTQNCCDATCVVFWCL,Q9U654,0,2
Ca,STSCMEAGSYCGSTTRICCGYCAYFGKKCIDYPSN,Q9XZK4,0,0
Ca,CTQSGELCDVIDPDCCNNFCIIFFCI,P0CB10,0,2
Ca,CKGKGASCSRTMYNCCTGSCNRGKC,P0C8V8,0,0
Ca,CKGKGAPCRKTMYDCCSGSCGRRGKC,P0C831,0,0
Ca,DDECEPPGDFCGFFKIGPPCCSGWCFLWCA,Q3YED6,0,2
Ca,NCPAGCRSQGCCM,P0CI41,1,1
Ca,CKSTGASCRRTSYDCCTGSCRSGRC,P58917,0,0
Ca,CKSPGSSCSPTSYNCCRSCNPYTKRCY,P01522,0,0
Ca,DCRPVGQYCGIPYEHNWRCCSQLCAIICVS,Q9XYZ0,0,2
Ca,CKLKGQSCRKTSYDCCSGSCGRSGKC,P28881,0,0
Ca,CKSKGAKCSKLMYDCCSGSCSGTVGRC,P58920,0,0
Ca,NYCQEKWDYCPVPFLGSRYCCDGLFCTLFFCA,Q9XZL3,0,2
Ca,CKGKGAKCSRLMYDCCTGSCRSGKC,P05484,0,0
Ca,CDEEGTGCSSDSECCSGRCTPEGLFEFCE,Q5K0C4,0,2
Ca,CMEAGSYCGSTTRICCGYCAYSASKNVCDYPSN,P0C832,0,0
Ca,GCLEVDYFCGIPFANNGLCCSGNCVFVCTPQ,P56712,0,2
Ca,CKPPGSPCRVSSYNCCSSCKSYNKKCG,P58914,0,0
Ca,CKGKGASCRKTMYDCCRGSCRSGRC,P58918,0,0
Ca,CKGKGQSCSKLMYDCCTGSCSRRGKC,P58919,0,0
Ca,STSCVEAGSYCRPNVKLCCGFCSPYSKICMNFPKN,P0CY69,0,0
Ca,CKGPGAKCLKTMYDCCKYSCSRGRC,P0CY60,0,0
Ca,CKSPGTPCSRGMRDCCTSCLLYSNKCRRY,P05483 ,0,0
Ca,CKGKGAPCTRLMYDCCHGSCSSSKGRCG,P58916,0,0
Ca,CQGRGASCRKTMYNCCSGSCNRGRC,Q26350,0,0
Ca,CKQADEPCDVFSLDCCTGICLGVCMW,P56714,0,2
Ca,EDCIAVGQLCVFWNIGRPCCSGLCVFACTVKLP,P83301,0,2
Ca,KCPWSPWC,P0CY84,2,1
Ca,GCPWEPWC,Q2I2P3,2,1
Ca,NESECPWHPWC,P62903,2,1
Ca,VCVDGGTFCGFPKIGGPCCSGWCIFVCL,Q9BH84,0,2
Ca,DCRALGEYCGLPYVHNSRCCSQLCGFICVPESP,Q9BP99,0,0
Ca,GCPWDPWC,P0C248,2,1
Ca,GCVLYPWC,P0C249,2,1
Ca,ECCEDGWCCTAAP,P81755,1,1
Ca,CKGTGKPCSRIAYNCCTGSCRSGKC,P0DKQ3,0,0
Ca,EGCSSGGTFCGIHPGLCCSEFCFLWCITFID,Q5K0D2,0,2
Ca,DPAAWGRMPYLD,O00555,2,1
Ca,DPAAWGRMLYRD,P27884,2,1
Ca,DPAACGRIHYKD,P54282,2,1
Ca,DPAACGRISYSD,Q05152,2,1
Ca,FQEQGEQEYKNCELDKNQRQCVEYALKARPLRRYIPISITFFRLFRVMRLVKLLSRGEGIRTLLWTFIKSFQALPYVALLIVMLFFIYAVIGMQVFGKIALNDTTEINRNNNFQTFPQAVLLLFRCATGEAWQDIMLACMPGKKRAPESEPSNSTEGETPCGSSFAVFY,O35505,0,0
Ca,DPAACGRISYND,O55017,2,1
Ca,DRAACGRIHYTE,Q07652,2,1
Ca,DPGAKGRIKHLD,Q9JIS7,2,1
Ca,VGFVIVTFQEQGESEYKNCELDKNQRQCVQYALKARPLRRYIPKNPYQYQIWYVVTSSYFEYLMFFLIMLNTICLGMQHYNQSAEMNHVSDILNVAFTVLFTLEMILKLMAFKAKGYFGDPWNVFDFLIVIGSIIDVILSEIDDPDDNSRVSITFFRLFRVMRLVKLLSRGEGVRTLLWTFIKSFQALPYVALLIVMLFFIYAVIGMQMFGKIAMVDGTQINRNNNFQTFPQAVLLLFRCATGEAWQEILLDCSYGKRCDPESDYAEGEEYTCGTGFAYFY,O42398,0,0
Ca,DPEATGRIKHLD,P22316,2,1
Ca,DPEAKGRIKHLD,P07293,2,1
Ca,GEEEHSKYQECLREIRVNNVQQEC,P0C8D9,2,1
Ca,DEPEYAEAIREYQLKYGKI,P0C8E1,2,1
Ca,GEEEHSKYQECLREIRVNKVQQEC,P0C8E3,2,1
Ca,GEEELAEKAPEFARELAN,P0DKZ0,2,1
Ca,GEDEYAEGIREYQLIHGKI,P0C8E0,2,1
Ca,GEEEYQKMLENLREAEVKKNA,P17684,2,1
Ca,CYDSGTSCNTGNQCCSGWCIFVCL,Q9XZK9,0,2
Ca,CKGKGASCHRTSYDCCTGSCNRGKC,P05485,0,0
Ca,CKRKGSSCRRTSYDCCTGSCRNGKC,P0CY66,0,0
Ca,CKGQSCSSCSTKEFCLSKGSRLMYDCCTGSCCGVKTAGVT,P0DL31,1,1
Ca,SCINVGDFCDGKKDDCQCCRDNAFCSCSVIFGYKTNCRCEVGTTATSYGICMAKHKCGRQTTCTKPCLSKRCKKNH,P81790,1,0
Ca,KCLPPGKPCYGATQKIPCCGVCSHNKCT,P68424,0,0
K,APELVVTATTTCCGYDPMTICPPCMCTHSCPPKRKP,P0CY82,1,1
K,APWMVVTATTNCCGYTGPACHPCLCTQSC,A3DT44,2,1
K,QKELVVTATTTCCGYNPMTSCPRCMCDSSCNKKKKP,P0CAQ2,1,1
K,QKELVPSKITTCCGYSPGTACPSCMCTNTCKKKNKKP,P0CAQ3,1,1
K,QTWLVPSTITTCCGYDPGTMCPTCMCDNTCKPKPKKS,P0CE75,1,1
K,QKELVPSVITTCCGYDPGTMCPPCRCTNSCPTKPKKPGRRND,P0C829,1,1
K,DCCGVKLEMCHPCLCDNSCKKSGK,P0C2C6,1,1
K,SRCFPPGIYCTPYLPCCWGICCDTCRNVCHLRI,P69500,0,0
K,CRAEGTYCENDSQCCLNECCWGGCGHPCRHP,P0C258,0,0
K,CRTEGMSCEENQQCCWRSCCRGECEAPCRFGP,P0C615,0,0
K,SRCFPPGIYCTPYLPCCWGICCGTCRNDNSSLTFLQFCLPFFFF,C7DQY0,0,0
K,SPGSTICKMACRTGNGHKYPFCNCR,Q0N4U4,1,1
K,GPGSAICNMACRLGQGHMYPFCNCN,Q0N4U7,1,1
K,SSGSTVCKMMCRLGYGHLYPSCGCR,Q0N4U3,1,1
K,FPRPRICNLACRAGIGHKYPFCHCR,Q0N4U8,1,1
K,GGVGRCIYNCMNSGGGLNFIQCKTMCY,P0C6S2,1,0
K,RWDVDQCIYYCLNGVVGYSYTECQTMCT,P0C6S3,1,0
K,LPPCCTPPKKHCPAPACKYKPCCKS,P0CG45,1,1
K,LPSCCSLNLRLCPVPACKRNPCCT,P69769,1,1
K,FHGGSWYRFPWGY,P84713,2,1
K,CRIPNQKCFQHLDDCCSRKCNRFNKCV,P56633,0,0
K,SKRWTRPSVCNLPAESGTGTQSLKRFYYNSDKMQCRTFIYKGNGGNDNNFPRTYDCQKKCLYRP,P0CY85,0,0
K,KDRPSLCDLPADSGSGTKAEKRIYYNSARKQCLRFDYTGQGGNENNFRRTYDCQRTCLYT,P0C1X2,0,0
K,GDCPWKPWC,P83047,1,1
K,GTYLYPFSYYRLWRYFTRFLHKQPYYYVHI,B3SVF1,2,1
K,ARFLHPFQYYTLYRYLTRFLHRYPIYYIRY,B3SVF0,2,1
Na,SCSGRDSRCPPVCCMGLMCSRGKCVSIYGE,P58923,0,0
Na,ACSGRGSRCPPQCCMGLRCGRGNPQKCIGAHEDV,P15472,0,0
Na,GHVSCGKDGRACDYHADCCNCCLGGICKPSTSWIGCSTNVFLT,P0C256,0,0
Na,GAVPCGKDGRQCRNHADCCNCCPIGTCAPSTNWILPGCSTGQFMT,P0C257,1,0
Na,GCKKDRKPCSYQADCCNCCPIGTCAPSTNWILPGCSTGPFMA,P0C259,0,0
Na,GPRCWVGRVHCTYHKDCCPSVCCFKGRCKPQSWGCWSGPT,Q7Z090,0,0
Na,NWSWCSGSGEGCDYHSECCGERCCIESMCIGDGVACWP,P0C612,0,0
Na,GPSFCKADEKPCEYHSDCCNCCLSGICAPSTNWILPGCSTSSFFKI,Q7Z095,0,0
Na,GPSFCKADEKPCKYHADCCNCCLGGICKPSTSWIGCSTNVFLT,Q7Z096,0,0
Na,GHVPCGKDGRKCGYHADCCNCCLSGICKPSTSWTGCSTSTVQLT,Q7Z0A5,0,0
Na,RHGCCKGPKGCSSRECRPQHCC,P0C349,1,1
Na,VTDRCCKGKRECGRWCRDHSRCC,C1J5M5,1,1
Na,GRCCDVPNACSGRWCRDHAQCC,P0C1T9,1,1
Na,GRCCEGPNGCSSRWCKDHARCC,P0C1U1,1,1
Na,RDCCTPPKKCKDRQCKPQRCCA,P01523,1,1
Na,CCNCSSKWCRDHSRCC,P0C195,1,1
Na,QRLCCGFPKSCRSRQCKPHRCC,P58925,1,1
Na,QRCCNGRRGCSSRWCRDHSRCC,P60207,1,1
Na,QNCCNGGCSSKWCRDHARCC,Q86DU6,1,1
Na,VGERCCKNGKRGCGRWCRDHSRCC,C1J5M6,1,1
Na,QGCCGEPNLCFTRWCRNNARCCRQQ,P0C1U0,1,1
Na,RDCCTPPRKCKDRRCKPMKCCA,P01524,1,1
Na,ERVCCGYPMSCKSRACKPSYCC,P0CH16,1,1
Na,QKCCTGKKGSCSGRACKNLRCCA,P0C8V3,1,1
Na,IVDRCCNKGNGKRGCSRWCRDHSRCC,C1J5M7,1,1
Na,CCKYGWTCVLGCSPCGC,Q9BP55,1,1
Na,DECFSPGTFCGIKPGLCCSAWCYSFFCLTLTF,P0C8V5,0,2
Na,WCKQSGEMCNLLDQNCCEGYCIVLVCT,P0CB09,0,2
Na,DECYPPGTFCGIKPGLCCSERCFPFVCLSLEF,P0C8V6,0,2
Na,EACYAPGTFCGIKPGLCCSEFCLPGVCFG,P58913,0,2
Na,ACSKKWEYCIVPILGFVYCCPGLICGPFVCV,Q26443,2,1
Na,CKQAGESCDIFSQNCCVGTCAFICIE,P60179,0,2
Na,DGCSNAGAFCGIHPGLCCSEICIVWCT,P69748,0,2
Na,DECSAPGAFCLIRPGLCCSEFCFFACF,P69749,0,2
Na,YECYSTGTFCGINGGLCCSNLCLFFVCLTFS,P69750,0,2
Na,DDCIKPYGFCSLPILKNGLCCSGACVGVCADL,P60513,0,2
Na,VKPCRKEGQLCDPIFQNCCRGWNCVLFCV,Q9TWM7,0,2
Na,DGCYNAGTFCGIRPGLCCSEFCFLWCITFVDS,P69753,0,2
Na,DECYPPGTFCGIKPGLCCSAICLSFVCISFDF,P69755,0,2
Na,DECFSPGTFCGFKPGLCCSARCFSLFCISLEF,P0CC15,0,2
Na,DVCDSLVGGHCIHNGCWCDQEAPHGNCCDTDGCTAAWWCPGTKWD,A6YR20,1,1
Na,DCCPAKLLCCNP,Q1A3R1,1,1
Na,TCQRRWDFCPGALVGVITCCGGLICLGVMCI,Q9U657,2,1
Na,CCKYGWTCWLGCSPCGC,P58927,1,1
Na,HGCCKGPEGCSSRECRPQHCC,P0DKQ9,1,1
Na,WCKQSGEMCNVLDQNCCDGYCIVFVCT,P24159,0,2
Na,DCIPGGENCDVFRPYRCCSGYCILLLCA,P0CH13,0,2
Na,WCKQSGEMCNLLDQNCCDGYCIVFVCT,Q9U656,0,2
Na,AELTSCFPVGHECDGDASNCNCCGDDVYCGCGWGRWNCKCKVADQSYAYGICKDKVNCPNRHLWPAKVCKKPCRRNCG,P17727,1,0
