ACC_ID,CLASS LABEL,SEQUENCE,Framework Pattern,Framework
P0C828,K,QKSLVPSVITTCCGYDPGTMCPPCRCTNSC,﻿-CC-C-C-C-C,novel
Q7YZS9,K,SRCFPPGIYCTPYLPCCWGICCGTCRNVCHLRI,C-C-CC-CC-C-C,11
Q9U3Z3,K,CRAEGTYCENDSQCCLNECCWGGCGHPCRHP,C-C-CC-CC-C-C,11
P69501,K,SRCFPPGIYCTPYLPCCWGICCDTCRNVCHLRF,C-C-CC-CC-C-C,11
P0C252,K,CFPPGIYCTPYLPCCWGICCGTCRNVCHLRI,C-C-CC-CC-C-C,11
C7DQB7,K,SRCFPPGIYCTPYLPCCWGICCGTCRNVCHLRF,C-C-CC-CC-C-C,11
Q0N4U5,K,GPGSAICNMACRLEHGHLYPFCNCD,C-C-C-C,14
Q0N4U6,K,GPGSAICNMACRLEHGHLYPFCHCR,C-C-C-C,14
P0CE76,K,APWLVPSTITTCCGYDPGSMCPPCMCNNTCKPKPKKS,CC-C-C-C-C,4
P0C1X1,K,APELVVTATTNCCGYNPMTICPPCMCTYSCPPKRKP,CC-C-C-C-C,4
P0C830,K,QKELVPSKTTTCCGYSPGTMCPSCMCTNTCPPQK,CC-C-C-C-C,4
P84704,K,GGLGRCIYNCMNSGGGLSFIQCKTMCY,C-C-C-C,14
Q9XZK5,Na,DGCSSGGTFCGIHPGLCCSEFCFLWCITFID,C-C-CC-C-C,6 and 7
P18511,Na,WCKQSGEMCNLLDQNCCDGYCIVLVCT,C-C-CC-C-C,6 and 7
Q9U655,Na,WCKQSGEMCNLLDQNCCDGYCIVLVCT,C-C-CC-C-C,6 and 7
Q7Z092,Na,GPSFCKANGKPCSYHADCCNCCLSGICKPSTNVILPGCSTSSFFRI,C-C-CC-CC-C-C,11
P0C350,Na,RHGCCKGPKGCSSRECRPQHCC,CC-C-C-CC,3
Q7Z094,Na,GPSFCKADEKPCEYHADCCNCCLSGICAPSTNWILPGCSTSSFFKI,C-C-CC-CC-C-C,11
Q7Z091,Na,GCKKDRKPCSYHADCCNCCLSGICAPSTNWILPGCSTSTFT,C-C-CC-CC-C-C,11
P58928,Na,APWLVPSQITTCCGYNPGTMCPSCMCTNTC,CC-C-C-C-C,4
Q7Z0A6,Na,GHVPCGKDGRKCGYHADCCNCCLSGICKPSTSWTGCSTSTFD,C-C-CC-CC-C-C,11
P0C614,Na,GHVPCGKDGRKCGYHADCCNCCLSGICKPSTSWTGCSTSTFD,C-C-CC-CC-C-C,11
Q7Z098,Na,GAVPCGKDGRQCRNHADCCNCCPIGTCAPSTNWILPGCSTGQFMT,C-C-CC-CC-C-C,11
Q7Z093,Na,GPSFCKANGKPCSYHADCCNCCLSGICAPSTNWILPGCSTSSFFKI,C-C-CC-CC-C-C,11
Q7Z099,Na,GAVPCGKDGRQCRNHADCCNCCPIGTCAPSTNWILPGCSTGPFMT,C-C-CC-CC-C-C,11
P0C610,Na,GCKKDRKPCSYHADCCNCCLSGICAPSTNWILPGCSTSSFFKI,C-C-CC-CC-C-C,11
Q7Z0A4,Na,GHVPCGKDRRKCGYHADCCNCCLSGICKPSTSWTGCSTSTFLLT,C-C-CC-CC-C-C,11
Q7Z0A2,Na,GHVPCGKDGRKCGYHADCCNCCLSGICKPSTSWTGCSTSTFN,C-C-CC-CC-C-C,11
Q7Z0A3,Na,GHVPCGKDGRKCGYHADCCNCCLSGICKPSTSWTGCSTSTFLLT,C-C-CC-CC-C-C,11
Q7Z0A0,Na,GHVSCGKDGRACDYHADCCNCCLGGICKPSTSWIGCSTNVFLT,C-C-CC-CC-C-C,11
P0C611,Na,GPSSCKADEEPCEYHADCCNCCLSGICAPSTNWILPGCSTSSFFKI,C-C-CC-CC-C-C,11
Q7Z0A1,Na,GHVPCGKDGRKCGYHTHCCNCCLSGICKPSTSLIGCSTSSFT,C-C-CC-CC-C-C,11
Q7Z097,Na,GAVPCGKDGRQCRNHADCCNCCPFGTCAPSTNRILPGCSTGMFLT,C-C-CC-CC-C-C,11
P0C1U2,Na,QGCCNVPNGCSGRWCRDHAQCC,CC-C-C-CC,3
P0C8V2,Na,RCCTGKKGSCSGRACKNLKCCA,CC-C-C-CC,3
P05482,Na,RDCCTPPKKCKDRRCKPLKCCA,CC-C-C-CC,3
P0CE77,Na,QNCCNGGCSSKWCKGHARCC,CC-C-C-CC,3
P58926,Na,CCKYGWTCLLGCSPCGC,CC-C-C-C-C,4
B2KJ30,Na,CSNAGGFCGIHPGLCCSEICLVWCT,C-C-CC-C-C,6 and 7
P0C8V7,Na,YECYSTGTFCGVNGGLCCSNLCLFFVCLFS,C-C-CC-C-C,6 and 7
P56710,Na,SKCFSPGTFCGIKPGLCCSVRCFSLFCISFE,C-C-CC-C-C,6 and 7
P69752,Na,EACYPPGTFCGIKPGLCCSELCLPAVCVG,C-C-CC-C-C,6 and 7
P0CC13,Na,DECFSPGTFCGTKPGLCCSARCFSFFCISLEF,C-C-CC-C-C,6 and 7
P0CC14,Na,DECFSPGTFCGIKPGLCCSARCLSFFCISLEF,C-C-CC-C-C,6 and 7
P69754,Na,EACYNAGSFCGIHPGLCCSEFCILWCITFVDS,C-C-CC-C-C,6 and 7
P69757,Na,DGCSSGGTFCGIRPGLCCSEFCFLWCITFID,C-C-CC-C-C,6 and 7
P69756,Na,EACYNAGTFCGIKPGLCCSAICLSFVCISFDF,C-C-CC-C-C,6 and 7
P69751,Na,YGCSNAGAFCGIHPGLCCSELCLVWCT,C-C-CC-C-C,6 and 7
I1SB07,Na,QGCCNGPKGCSSKWCRDHARCC,CC-C-C-CC,3
P37300,Ca,CKGKGAPCRKTMYDCCSGSCGRRGKC,C-C-CC-C-C,6 and 7
Q9XZK3,Ca,ATDCIEAGNYCGPTVMKICCGFCSPYSKICMNYPKN,C-C-CC-C-C,6 and 7
P28880,Ca,CRSSGSPCGVTSICCGRCYRGKCT,C-C-CC-C-C,6 and 7
P56713,Ca,DDDCEPPGNFCGMIKIGPPCCSGWCFFACA,C-C-CC-C-C,6 and 7
Q02485,Ca,DPEAKGRIKHLD,,novel
Q5K0D8,Ca,AADCIEAGNYCGPTVMKLCCGFCSPYSKICMNYPKN,C-C-CC-C-C,6 and 7
Q9U650,Ca,CLDAGEICDFFFPTCCGYCILLFCA,C-C-CC-C-C,6 and 7
Q9XZL0,Ca,CYDGGTSCDSGIQCCSGWCIFVCF,C-C-CC-C-C,6 and 7
Q9XZL2,Ca,CVPYEGPCNWLTQNCCDATCVVFWCL,C-C-CC-C-C,6 and 7
Q3YEF3,Ca,CLDAGEVCDIFFPTCCGYCILLFCA,C-C-CC-C-C,6 and 7
Q9XZL5,Ca,CRPSGSPCGVTSICCGRCSRGKCT,C-C-CC-C-C,6 and 7
Q9XZL4,Ca,CRPSGSPCGVTSICCGRCYRGKCT,C-C-CC-C-C,6 and 7
P0CB11,Ca,CYDGGTSCNTGNQCCSGWCIFLCL,C-C-CC-C-C,6 and 7
P0C8V9,Ca,ATDCIEAGNYCGPTVMKICCGFCSPFSKICMNYPQN,C-C-CC-C-C,6 and 7
Q5K0D3,Ca,SYCGSTTRICCGYCAYFGKKCIDYPSN,C-CC-C-C,novel
Q9XZK8,Ca,CLDAGEVCDIFFPTCCGYCILLFCA,C-C-CC-C-C,6 and 7
P58915,Ca,CLSPGSSCSPTSYNCCRSCNPYSRKC,C-C-CC-C-C,6 and 7
Q9BPA5,Ca,DCVAGGHFCGFPKIGGPCCSGWCFFVCA,C-C-CC-C-C,6 and 7
Q9U644,Ca,DCQEKWDFCPAPFFGSRYCCFGLFCTLFFCA,C-C-CC-C-C,6 and 7
Q9U645,Ca,DDCEPPGNFCGMIKIGPPCCSGWCFFACA,C-C-CC-C-C,6 and 7
P0C250,Ca,GCPWDPWC,C-C,novel
Q1L777,Ca,GCCSHPACSVNHPELC,CC-C-C,1
Q9U648,Ca,CYDGGTSCDSGIQCCSGWCIFVCL,C-C-CC-C-C,6 and 7
Q5K0D6,Ca,ATDCIEAGNYCGPTVMKICCGFCSPYSKICMNYPKN,C-C-CC-C-C,6 and 7
Q5K0D5,Ca,CRPSGSPCGVTSICCGRCSRGKCT,C-C-CC-C-C,6 and 7
Q9XYZ1,Ca,TCNTPTQYCTLHRHCCSLYCHKTIHACA,C-C-CC-C-C,6 and 7
Q5K0B9,Ca,VCIADDMPCGFGLFGGPLCCSGWCLFVCL,C-C-CC-C-C,6 and 7
Q5K0C0,Ca,GCLPDEYFCGFSMIGALLCCSGWCLGICMT,C-C-CC-C-C,6 and 7
Q9XZK2,Ca,CKAAGKPCSRIAYNCCTGSCRSGKC,C-C-CC-C-C,6 and 7
Q9U651,Ca,CLDAGEICDFFFPTCCGYCILLFCA,C-C-CC-C-C,6 and 7
Q9XZL1,Ca,YDCEPPGNFCGMIKIGPPCCSGWCFFACA,C-C-CC-C-C,6 and 7
Q9U654,Ca,CVPYEGPCNWLTQNCCDATCVVFWCL,C-C-CC-C-C,6 and 7
Q9XZK4,Ca,STSCMEAGSYCGSTTRICCGYCAYFGKKCIDYPSN,C-C-CC-C-C,6 and 7
P0CB10,Ca,CTQSGELCDVIDPDCCNNFCIIFFCI,C-C-CC-C-C,6 and 7
P0C8V8,Ca,CKGKGASCSRTMYNCCTGSCNRGKC,C-C-CC-C-C,6 and 7
P0C831,Ca,CKGKGAPCRKTMYDCCSGSCGRRGKC,C-C-CC-C-C,6 and 7
Q3YED6,Ca,DDECEPPGDFCGFFKIGPPCCSGWCFLWCA,C-C-CC-C-C,6 and 7
P0CI41,Ca,NCPAGCRSQGCCM,C-C-CC,16
P58917,Ca,CKSTGASCRRTSYDCCTGSCRSGRC,C-C-CC-C-C,6 and 7
P01522,Ca,CKSPGSSCSPTSYNCCRSCNPYTKRCY,C-C-CC-C-C,6 and 7
Q9XYZ0,Ca,DCRPVGQYCGIPYEHNWRCCSQLCAIICVS,C-C-CC-C-C,6 and 7
P28881,Ca,CKLKGQSCRKTSYDCCSGSCGRSGKC,C-C-CC-C-C,6 and 7
P58920,Ca,CKSKGAKCSKLMYDCCSGSCSGTVGRC,C-C-CC-C-C,6 and 7
Q9XZL3,Ca,NYCQEKWDYCPVPFLGSRYCCDGLFCTLFFCA,C-C-CC-C-C,6 and 7
P05484,Ca,CKGKGAKCSRLMYDCCTGSCRSGKC,C-C-CC-C-C,6 and 7
Q5K0C4,Ca,CDEEGTGCSSDSECCSGRCTPEGLFEFCE,C-C-CC-C-C,6 and 7
P0C832,Ca,CMEAGSYCGSTTRICCGYCAYSASKNVCDYPSN,C-C-CC-C-C,6 and 7
P56712,Ca,GCLEVDYFCGIPFANNGLCCSGNCVFVCTPQ,C-C-CC-C-C,6 and 7
P58914,Ca,CKPPGSPCRVSSYNCCSSCKSYNKKCG,C-C-CC-C-C,6 and 7
P58918,Ca,CKGKGASCRKTMYDCCRGSCRSGRC,C-C-CC-C-C,6 and 7
P58919,Ca,CKGKGQSCSKLMYDCCTGSCSRRGKC,C-C-CC-C-C,6 and 7
P0CY69,Ca,STSCVEAGSYCRPNVKLCCGFCSPYSKICMNFPKN,C-C-CC-C-C,6 and 7
P0CY60,Ca,CKGPGAKCLKTMYDCCKYSCSRGRC,C-C-CC-C-C,6 and 7
P05483 ,Ca,CKSPGTPCSRGMRDCCTSCLLYSNKCRRY,C-C-CC-C-C,6 and 7
P58916,Ca,CKGKGAPCTRLMYDCCHGSCSSSKGRCG,C-C-CC-C-C,6 and 7
Q26350,Ca,CQGRGASCRKTMYNCCSGSCNRGRC,C-C-CC-C-C,6 and 7
P56714,Ca,CKQADEPCDVFSLDCCTGICLGVCMW,C-C-CC-C-C,6 and 7
P83301,Ca,EDCIAVGQLCVFWNIGRPCCSGLCVFACTVKLP,C-C-CC-C-C,6 and 7
P0CY84,Ca,KCPWSPWC,C-C,novel
Q2I2P3,Ca,GCPWEPWC,C-C,novel
P62903,Ca,NESECPWHPWC,C-C,novel
Q9BH84,Ca,VCVDGGTFCGFPKIGGPCCSGWCIFVCL,C-C-CC-C-C,6 and 7
Q9BP99,Ca,DCRALGEYCGLPYVHNSRCCSQLCGFICVPESP,C-C-CC-C-C,6 and 7
P0C248,Ca,GCPWDPWC,C-C,novel
P0C249,Ca,GCVLYPWC,C-C,novel
P81755,Ca,ECCEDGWCCTAAP,CC-CC,5
P0DKQ3,Ca,CKGTGKPCSRIAYNCCTGSCRSGKC,C-C-CC-C-C,6 and 7
Q5K0D2,Ca,EGCSSGGTFCGIHPGLCCSEFCFLWCITFID,C-C-CC-C-C,6 and 7
O00555,Ca,DPAAWGRMPYLD,,novel
P27884,Ca,DPAAWGRMLYRD,,novel
P54282,Ca,DPAACGRIHYKD,C,novel
Q05152,Ca,DPAACGRISYSD,C,novel
O35505,Ca,FQEQGEQEYKNCELDKNQRQCVEYALKARPLRRYIPISITFFRLFRVMRLVKLLSRGEGIRTLLWTFIKSFQALPYVALLIVMLFFIYAVIGMQVFGKIALNDTTEINRNNNFQTFPQAVLLLFRCATGEAWQDIMLACMPGKKRAPESEPSNSTEGETPCGSSFAVFY,C-C-C-C-C,novel
O55017,Ca,DPAACGRISYND,C,novel
Q07652,Ca,DRAACGRIHYTE,C,novel
Q9JIS7,Ca,DPGAKGRIKHLD,,novel
O42398,Ca,VGFVIVTFQEQGESEYKNCELDKNQRQCVQYALKARPLRRYIPKNPYQYQIWYVVTSSYFEYLMFFLIMLNTICLGMQHYNQSAEMNHVSDILNVAFTVLFTLEMILKLMAFKAKGYFGDPWNVFDFLIVIGSIIDVILSEIDDPDDNSRVSITFFRLFRVMRLVKLLSRGEGVRTLLWTFIKSFQALPYVALLIVMLFFIYAVIGMQMFGKIAMVDGTQINRNNNFQTFPQAVLLLFRCATGEAWQEILLDCSYGKRCDPESDYAEGEEYTCGTGFAYFY,C-C-C-C-C-C-C,novel
P22316,Ca,DPEATGRIKHLD,,novel
P07293,Ca,DPEAKGRIKHLD,,novel
P0C8D9,Ca,GEEEHSKYQECLREIRVNNVQQEC,C-C,novel
P0C8E1,Ca,DEPEYAEAIREYQLKYGKI,,novel
P0C8E3,Ca,GEEEHSKYQECLREIRVNKVQQEC,C-C,novel
P0DKZ0,Ca,GEEELAEKAPEFARELAN,,novel
P0C8E0,Ca,GEDEYAEGIREYQLIHGKI,,novel
P17684,Ca,GEEEYQKMLENLREAEVKKNA,,novel
Q9XZK9,Ca,CYDSGTSCNTGNQCCSGWCIFVCL,C-C-CC-C-C,6 and 7
P05485,Ca,CKGKGASCHRTSYDCCTGSCNRGKC,C-C-CC-C-C,6 and 7
P0CY66,Ca,CKRKGSSCRRTSYDCCTGSCRNGKC,C-C-CC-C-C,6 and 7
P0DL31,Ca,CKGQSCSSCSTKEFCLSKGSRLMYDCCTGSCCGVKTAGVT,C-C-C-C-CC-CC,26
P81790,Ca,SCINVGDFCDGKKDDCQCCRDNAFCSCSVIFGYKTNCRCEVGTTATSYGICMAKHKCGRQTTCTKPCLSKRCKKNH,C-C-C-CC-C-C-C-C-C-C-C-C-C,novel
P68424,Ca,KCLPPGKPCYGATQKIPCCGVCSHNKCT,C-C-CC-C-C,6 and 7
P0CY82,K,APELVVTATTTCCGYDPMTICPPCMCTHSCPPKRKP,CC-C-C-C-C,4
A3DT44,K,APWMVVTATTNCCGYTGPACHPCLCTQSC,CC-C-C-C-C,4
P0CAQ2,K,QKELVVTATTTCCGYNPMTSCPRCMCDSSCNKKKKP,CC-C-C-C-C,4
P0CAQ3,K,QKELVPSKITTCCGYSPGTACPSCMCTNTCKKKNKKP,CC-C-C-C-C,4
P0CE75,K,QTWLVPSTITTCCGYDPGTMCPTCMCDNTCKPKPKKS,CC-C-C-C-C,4
P0C829,K,QKELVPSVITTCCGYDPGTMCPPCRCTNSCPTKPKKPGRRND,CC-C-C-C-C,4
P0C2C6,K,DCCGVKLEMCHPCLCDNSCKKSGK,CC-C-C-C-C,4
P69500,K,SRCFPPGIYCTPYLPCCWGICCDTCRNVCHLRI,C-C-CC-CC-C-C,11
P0C258,K,CRAEGTYCENDSQCCLNECCWGGCGHPCRHP,C-C-CC-CC-C-C,11
P0C615,K,CRTEGMSCEENQQCCWRSCCRGECEAPCRFGP,C-C-CC-CC-C-C,11
C7DQY0,K,SRCFPPGIYCTPYLPCCWGICCGTCRNDNSSLTFLQFCLPFFFF,C-C-CC-CC-C-C,11
Q0N4U4,K,SPGSTICKMACRTGNGHKYPFCNCR,C-C-C-C,14
Q0N4U7,K,GPGSAICNMACRLGQGHMYPFCNCN,C-C-C-C,14
Q0N4U3,K,SSGSTVCKMMCRLGYGHLYPSCGCR,C-C-C-C,14
Q0N4U8,K,FPRPRICNLACRAGIGHKYPFCHCR,C-C-C-C,14
P0C6S2,K,GGVGRCIYNCMNSGGGLNFIQCKTMCY,C-C-C-C,14
P0C6S3,K,RWDVDQCIYYCLNGVVGYSYTECQTMCT,C-C-C-C,14
P0CG45,K,LPPCCTPPKKHCPAPACKYKPCCKS,CC-C-C-CC,3
P69769,K,LPSCCSLNLRLCPVPACKRNPCCT,CC-C-C-CC,3
P84713,K,FHGGSWYRFPWGY,,novel
P56633,K,CRIPNQKCFQHLDDCCSRKCNRFNKCV,C-C-CC-C-C,6 and 7
P0CY85,K,SKRWTRPSVCNLPAESGTGTQSLKRFYYNSDKMQCRTFIYKGNGGNDNNFPRTYDCQKKCLYRP,C-C-C-C,14
P0C1X2,K,KDRPSLCDLPADSGSGTKAEKRIYYNSARKQCLRFDYTGQGGNENNFRRTYDCQRTCLYT,C-C-C-C,14
P83047,K,GDCPWKPWC,C-C,novel
B3SVF1,K,GTYLYPFSYYRLWRYFTRFLHKQPYYYVHI,,novel
B3SVF0,K,ARFLHPFQYYTLYRYLTRFLHRYPIYYIRY,,novel
P58923,Na,SCSGRDSRCPPVCCMGLMCSRGKCVSIYGE,C-C-CC-C-C,6 and 7
P15472,Na,ACSGRGSRCPPQCCMGLRCGRGNPQKCIGAHEDV,C-C-CC-C-C,6 and 7
P0C256,Na,GHVSCGKDGRACDYHADCCNCCLGGICKPSTSWIGCSTNVFLT,C-C-CC-CC-C-C,11
P0C257,Na,GAVPCGKDGRQCRNHADCCNCCPIGTCAPSTNWILPGCSTGQFMT,C-C-CC-CC-C-C,11
P0C259,Na,GCKKDRKPCSYQADCCNCCPIGTCAPSTNWILPGCSTGPFMA,C-C-CC-CC-C-C,11
Q7Z090,Na,GPRCWVGRVHCTYHKDCCPSVCCFKGRCKPQSWGCWSGPT,C-C-CC-CC-C-C,11
P0C612,Na,NWSWCSGSGEGCDYHSECCGERCCIESMCIGDGVACWP,C-C-CC-CC-C-C,11
Q7Z095,Na,GPSFCKADEKPCEYHSDCCNCCLSGICAPSTNWILPGCSTSSFFKI,C-C-CC-CC-C-C,11
Q7Z096,Na,GPSFCKADEKPCKYHADCCNCCLGGICKPSTSWIGCSTNVFLT,C-C-CC-CC-C-C,11
Q7Z0A5,Na,GHVPCGKDGRKCGYHADCCNCCLSGICKPSTSWTGCSTSTVQLT,C-C-CC-CC-C-C,11
P0C349,Na,RHGCCKGPKGCSSRECRPQHCC,CC-C-C-CC,3
C1J5M5,Na,VTDRCCKGKRECGRWCRDHSRCC,CC-C-C-CC,3
P0C1T9,Na,GRCCDVPNACSGRWCRDHAQCC,CC-C-C-CC,3
P0C1U1,Na,GRCCEGPNGCSSRWCKDHARCC,CC-C-C-CC,3
P01523,Na,RDCCTPPKKCKDRQCKPQRCCA,CC-C-C-CC,3
P0C195,Na,CCNCSSKWCRDHSRCC,CC-C-C-CC,3
P58925,Na,QRLCCGFPKSCRSRQCKPHRCC,CC-C-C-CC,3
P60207,Na,QRCCNGRRGCSSRWCRDHSRCC,CC-C-C-CC,3
Q86DU6,Na,QNCCNGGCSSKWCRDHARCC,CC-C-C-CC,3
C1J5M6,Na,VGERCCKNGKRGCGRWCRDHSRCC,CC-C-C-CC,3
P0C1U0,Na,QGCCGEPNLCFTRWCRNNARCCRQQ,CC-C-C-CC,3
P01524,Na,RDCCTPPRKCKDRRCKPMKCCA,CC-C-C-CC,3
P0CH16,Na,ERVCCGYPMSCKSRACKPSYCC,CC-C-C-CC,3
P0C8V3,Na,QKCCTGKKGSCSGRACKNLRCCA,CC-C-C-CC,3
C1J5M7,Na,IVDRCCNKGNGKRGCSRWCRDHSRCC,CC-C-C-CC,3
Q9BP55,Na,CCKYGWTCVLGCSPCGC,CC-C-C-C-C,4
P0C8V5,Na,DECFSPGTFCGIKPGLCCSAWCYSFFCLTLTF,C-C-CC-C-C,6 and 7
P0CB09,Na,WCKQSGEMCNLLDQNCCEGYCIVLVCT,C-C-CC-C-C,6 and 7
P0C8V6,Na,DECYPPGTFCGIKPGLCCSERCFPFVCLSLEF,C-C-CC-C-C,6 and 7
P58913,Na,EACYAPGTFCGIKPGLCCSEFCLPGVCFG,C-C-CC-C-C,6 and 7
Q26443,Na,ACSKKWEYCIVPILGFVYCCPGLICGPFVCV,C-C-CC-C-C,6 and 7
P60179,Na,CKQAGESCDIFSQNCCVGTCAFICIE,C-C-CC-C-C,6 and 7
P69748,Na,DGCSNAGAFCGIHPGLCCSEICIVWCT,C-C-CC-C-C,6 and 7
P69749,Na,DECSAPGAFCLIRPGLCCSEFCFFACF,C-C-CC-C-C,6 and 7
P69750,Na,YECYSTGTFCGINGGLCCSNLCLFFVCLTFS,C-C-CC-C-C,6 and 7
P60513,Na,DDCIKPYGFCSLPILKNGLCCSGACVGVCADL,C-C-CC-C-C,6 and 7
Q9TWM7,Na,VKPCRKEGQLCDPIFQNCCRGWNCVLFCV,C-C-CC-C-C,6 and 7
P69753,Na,DGCYNAGTFCGIRPGLCCSEFCFLWCITFVDS,C-C-CC-C-C,6 and 7
P69755,Na,DECYPPGTFCGIKPGLCCSAICLSFVCISFDF,C-C-CC-C-C,6 and 7
P0CC15,Na,DECFSPGTFCGFKPGLCCSARCFSLFCISLEF,C-C-CC-C-C,6 and 7
A6YR20,Na,DVCDSLVGGHCIHNGCWCDQEAPHGNCCDTDGCTAAWWCPGTKWD,C-C-C-C-CC-C-C,12
Q1A3R1,Na,DCCPAKLLCCNP,CC-CC,5
Q9U657,Na,TCQRRWDFCPGALVGVITCCGGLICLGVMCI,C-C-CC-C-C,6 and 7
P58927,Na,CCKYGWTCWLGCSPCGC,CC-C-C-C-C,4
P0DKQ9,Na,HGCCKGPEGCSSRECRPQHCC,CC-C-C-CC,3
P24159,Na,WCKQSGEMCNVLDQNCCDGYCIVFVCT,C-C-CC-C-C,6 and 7
P0CH13,Na,DCIPGGENCDVFRPYRCCSGYCILLLCA,C-C-CC-C-C,6 and 7
Q9U656,Na,WCKQSGEMCNLLDQNCCDGYCIVFVCT,C-C-CC-C-C,6 and 7
P17727,Na,AELTSCFPVGHECDGDASNCNCCGDDVYCGCGWGRWNCKCKVADQSYAYGICKDKVNCPNRHLWPAKVCKKPCRRNCG,C-C-C-CC-C-C-C-C-C-C-C-C-C,novel