sequence,hmm_pred,pssm_pred,definitive_pred
Mki1_1,A,A,A
Mki3_1,A,A,A
Hst1_1,A,A,A
Mki5_1,A,CONFLICT A and O1,A
Mki2_1,A,A,A
Hhe2_1,A,UNKNOWN,A
Tsu12_22,M,CONFLICT M and A,M
Hal4_22,M,M,M
Tsu26_22,M,M,M
Hma2_9,D,CONFLICT A and M,D
Hal8_9,D,A,CONFLICT D and A
Hso6_9,D,A,CONFLICT D and A
Tex3_9,D,A,CONFLICT D and A
Tsp5_9,D,A,CONFLICT D and A
Tsu25_9,D,M,CONFLICT D and M
Tsu10_9,D,UNKNOWN,D
Tsu31_9,D,UNKNOWN,D
Hal13_9,D,UNKNOWN,D
Hso2_9,D,UNKNOWN,D
Tgu7_9,D,UNKNOWN,D
Tsp9_9,D,UNKNOWN,D
Hal11_6,H,O1,CONFLICT H and O1
Ttr6_6,H,O1,CONFLICT H and O1
Tsu10_6,H,CONFLICT A and O1,H
Tsu21_6,H,CONFLICT A and O1,H
Tsu33_6,H,CONFLICT A and O1,H
Hal10_6,H,O1,CONFLICT H and O1
Tgu3_6,H,O1,CONFLICT H and O1
Tsu61_6,H,CONFLICT A and O1,H
Tsu60_6,H,O1,CONFLICT H and O1
Tsu43_6,H,O1,CONFLICT H and O1
Hso6_6,H,CONFLICT A and M,H
Hso2_6,H,O1,CONFLICT H and O1
Tsp13_6,H,O1,CONFLICT H and O1
Tba3_6,H,O1,CONFLICT H and O1
Hst11_6,H,CONFLICT A and O1,H
Tan119_6,H,O1,CONFLICT H and O1
Tsu7_6,H,O1,CONFLICT H and O1
Ttr7_6,H,O1,CONFLICT H and O1
Tba2_6,H,O1,CONFLICT H and O1
Tan120_6,H,O1,CONFLICT H and O1
Tsu37_6,H,O1,CONFLICT H and O1
Tsu8_6,H,O1,CONFLICT H and O1
Tsu18_6,H,O1,CONFLICT H and O1
Tex3_6,H,O1,CONFLICT H and O1
Hal2_6,H,O1,CONFLICT H and O1
Tgu10_6,H,O1,CONFLICT H and O1
Tsu45_6,H,O1,CONFLICT H and O1
Tsu62_6,H,O1,CONFLICT H and O1
Hhe7_6,H,O1,CONFLICT H and O1
Hso13_6,H,O1,CONFLICT H and O1
Tsu19_6,H,O1,CONFLICT H and O1
Tsu34_6,H,O1,CONFLICT H and O1
Tsu6_6,H,O1,CONFLICT H and O1
Hst4_6,H,O1,CONFLICT H and O1
Ttr3_6,H,O1,CONFLICT H and O1
Mki11_6,H,CONFLICT A and M,H
Tfr4_6,H,O1,CONFLICT H and O1
Hma2_6,H,O1,CONFLICT H and O1
Tfu2_6,H,O1,CONFLICT H and O1
Tpu1_6,H,O1,CONFLICT H and O1
Tba4_6,H,CONFLICT M and O1,H
Hal1_12,H,CONFLICT M and O1,H
Hso1_12,H,CONFLICT M and O1,H
Tgu1_12,H,CONFLICT M and O1,H
Ttr1_12,H,CONFLICT M and O1,H
Tsu1_12,H,CONFLICT M and O1,H
Hal9_Novel,H,CONFLICT A and M,H
Tsu102_Novel,H,CONFLICT A and M,H
Tsu108_Novel,H,CONFLICT A and M,H
Tsu77_Novel,H,CONFLICT A and M,H
Tsu79_Novel,H,CONFLICT A and M,H
Tsu55_6,I3,A,CONFLICT I3 and A
Tan124_6,I3,A,CONFLICT I3 and A
Tsu1_15,I3,CONFLICT A and M,I3
Hal1_11,I1,O1,CONFLICT I1 and O1
Ttr1_11,I1,O1,CONFLICT I1 and O1
Tex1_11,I1,CONFLICT M and O1,I1
Tsp10_11,I1,CONFLICT M and O1,I1
Tsu1_11,I1,CONFLICT M and O1,I1
Tsu3_11,I1,CONFLICT M and O1,I1
Tsu4_11,I1,CONFLICT M and O1,I1
Tsu6_11,I1,CONFLICT M and O1,I1
Tsu8_11,I1,CONFLICT M and O1,I1
Hso1_11,I1,CONFLICT M and O1,I1
Tsu22_6,I3,UNKNOWN,I3
Tsu36_6,I3,A,CONFLICT I3 and A
Hal12_6,I3,UNKNOWN,I3
Hso5_6,I3,A,CONFLICT I3 and A
Tsu64_6,I3,A,CONFLICT I3 and A
Tsu52_6,I3,A,CONFLICT I3 and A
Tsp220_Novel,I3,CONFLICT M and O1,I3
Hst14_6,I3,CONFLICT M and O1,I3
Hst38_Novel,I3,CONFLICT M and A,I3
Hso2_15,I3,O1,CONFLICT I3 and O1
Tsp3_15,I3,O1,CONFLICT I3 and O1
Hst2_14,R,UNKNOWN,R
Tgu15_9,M,M,M
Tex4_9,M,M,M
Tsu45_9,M,M,M
Tsu46_9,M,M,M
Hal18_9,M,M,M
Tgu12_9,M,M,M
Tgu14_9,M,M,M
Tsu21_9,M,M,M
Tsu6_9,M,M,M
Hal17_9,M,M,M
Hso12_9,M,CONFLICT M and A,M
Tsp12_9,M,CONFLICT M and A,M
Tgu13_9,M,M,M
Tsu37_9,M,M,M
Tsu36_9,M,M,M
Hal20_9,M,UNKNOWN,M
Hhe3_9,M,UNKNOWN,M
Hso1_9,M,UNKNOWN,M
Tsu3_9,M,UNKNOWN,M
Tsu1_14,M,UNKNOWN,M
Hhe1_9,M,CONFLICT M and O1,M
Hso4_15,N,O1,CONFLICT N and O1
Hal10_Novel,N,UNKNOWN,N
Tsu88_Novel,N,UNKNOWN,N
Hhe5_6,N,O1,CONFLICT N and O1
Hso10_6,N,O1,CONFLICT N and O1
Tsp12_6,N,O1,CONFLICT N and O1
Tsu9_6,N,O1,CONFLICT N and O1
Hso11_6,N,O1,CONFLICT N and O1
Tsp11_6,N,O1,CONFLICT N and O1
Tsp1_15,N,CONFLICT O1 and O2,N
Ttr1_15,O1,CONFLICT M and O1,O1
Hal3_15,O1,CONFLICT M and O1,O1
Hst16_6,O1,O1,O1
Mki1_14,O2/Contryphan,UNKNOWN,O2/Contryphan
Mki2_14,O2/Contryphan,UNKNOWN,O2/Contryphan
Tsp7_6,O2,CONFLICT M and O1,O2
Mki4_6,O2,O1,CONFLICT O2 and O1
Tsu11_9,P,UNKNOWN,P
Tsu34_9,P,UNKNOWN,P
Hal19_9,P,UNKNOWN,P
Tsu33_9,P,UNKNOWN,P
Tsu22_9,P,UNKNOWN,P
Tsu44_9,P,UNKNOWN,P
Hal9_9,P,M,CONFLICT P and M
Cje10_9,P,UNKNOWN,P
Ttr7_9,P,UNKNOWN,P
Tfr5_9,P,UNKNOWN,P
Hso5_9,P,M,CONFLICT P and M
Tsp3_9,P,M,CONFLICT P and M
Tgu9_9,P,A,CONFLICT P and A
Tan176_14,R,UNKNOWN,R
Hso46_33,Conkunitzin,UNKNOWN,Conkunitzin
Tsp218_33,Conkunitzin,UNKNOWN,Conkunitzin
Tsp217_33,Conkunitzin,M,CONFLICT Conkunitzin and M
Hso50_33,Conkunitzin,A,CONFLICT Conkunitzin and A
Tfu8_8,Conkunitzin,UNKNOWN,Conkunitzin
Tfu9_8,Conkunitzin,UNKNOWN,Conkunitzin
Hma30_33,Conkunitzin,UNKNOWN,Conkunitzin
Hst41_33,Conkunitzin,O1,CONFLICT Conkunitzin and O1
Tam202_33,Conkunitzin,UNKNOWN,Conkunitzin
Tsu114_33,Conkunitzin,A,CONFLICT Conkunitzin and A
Tfr254_33,Conkunitzin,A,CONFLICT Conkunitzin and A
Hst42_33,Conkunitzin,M,CONFLICT Conkunitzin and M
Tam203_33,Conkunitzin,UNKNOWN,Conkunitzin
Mki55_33,Conkunitzin,A,CONFLICT Conkunitzin and A
Tsu17_8,Conkunitzin,UNKNOWN,Conkunitzin
Tsu4_8,Conkunitzin,UNKNOWN,Conkunitzin
Mki4_9,Conkunitzin,UNKNOWN,Conkunitzin
Hst4_9,Conkunitzin,A,CONFLICT Conkunitzin and A
Hma6_9,Conkunitzin,A,CONFLICT Conkunitzin and A
Hal11_Novel,Conkunitzin,UNKNOWN,Conkunitzin
Tan186_22,Conkunitzin,L,CONFLICT Conkunitzin and L
Cje3_9,Conkunitzin,UNKNOWN,Conkunitzin
Hma4_9,Conkunitzin,UNKNOWN,Conkunitzin
Tgu233_Novel,Conkunitzin,UNKNOWN,Conkunitzin
Hal14_9,Conkunitzin,UNKNOWN,Conkunitzin
Hso13_9,Conkunitzin,UNKNOWN,Conkunitzin
Tex5_9,Conkunitzin,UNKNOWN,Conkunitzin
Tfr8_9,Conkunitzin,UNKNOWN,Conkunitzin
Tgu11_9,Conkunitzin,UNKNOWN,Conkunitzin
Tsp18_9,Conkunitzin,UNKNOWN,Conkunitzin
Tfu2_9,Conkunitzin,UNKNOWN,Conkunitzin
Hma1_22,Conkunitzin,UNKNOWN,Conkunitzin
Tpu2_9,Conkunitzin,UNKNOWN,Conkunitzin
Cje8_9,Conkunitzin,UNKNOWN,Conkunitzin
Tar2_9,Conkunitzin,UNKNOWN,Conkunitzin
Tba2_9,Conkunitzin,UNKNOWN,Conkunitzin
Tfr6_9,Conkunitzin,UNKNOWN,Conkunitzin
Tfu4_9,Conkunitzin,UNKNOWN,Conkunitzin
Ttr5_9,Conkunitzin,UNKNOWN,Conkunitzin
Hso51_Novel,Conkunitzin,UNKNOWN,Conkunitzin
Hma5_9,Conkunitzin,UNKNOWN,Conkunitzin
Tfr11_9,Conkunitzin,UNKNOWN,Conkunitzin
Mki1_9,Conkunitzin,UNKNOWN,Conkunitzin
Hal11_9,Conkunitzin,UNKNOWN,Conkunitzin
Hso16_9,Conkunitzin,UNKNOWN,Conkunitzin
Tex2_9,Conkunitzin,UNKNOWN,Conkunitzin
Tsu59_9,Conkunitzin,UNKNOWN,Conkunitzin
Hal4_9,Conkunitzin,UNKNOWN,Conkunitzin
Hhe2_9,Conkunitzin,UNKNOWN,Conkunitzin
Hso17_9,Conkunitzin,UNKNOWN,Conkunitzin
Tex10_9,Conkunitzin,UNKNOWN,Conkunitzin
Tsp10_9,Conkunitzin,UNKNOWN,Conkunitzin
Mki2_9,Conkunitzin,UNKNOWN,Conkunitzin
Hso4_9,Conkunitzin,M,CONFLICT Conkunitzin and M
Tsu15_9,Conkunitzin,O1,CONFLICT Conkunitzin and O1
Tsu28_9,Conkunitzin,O1,CONFLICT Conkunitzin and O1
Tsu42_9,Conkunitzin,O1,CONFLICT Conkunitzin and O1
Tsu8_9,Conkunitzin,O1,CONFLICT Conkunitzin and O1
Tsu48_9,Conkunitzin,UNKNOWN,Conkunitzin
Tfr10_9,Conkunitzin,UNKNOWN,Conkunitzin
Cje7_9,Conkunitzin,UNKNOWN,Conkunitzin
Ttr8_9,Conkunitzin,UNKNOWN,Conkunitzin
Mki3_9,Conkunitzin,A,CONFLICT Conkunitzin and A
Tsu54_9,Conkunitzin,A,CONFLICT Conkunitzin and A
Cje1_9,Conkunitzin,UNKNOWN,Conkunitzin
Tar4_9,Conkunitzin,UNKNOWN,Conkunitzin
Tba4_9,Conkunitzin,UNKNOWN,Conkunitzin
Tfr4_9,Conkunitzin,UNKNOWN,Conkunitzin
Tfu1_9,Conkunitzin,UNKNOWN,Conkunitzin
Ttr2_9,Conkunitzin,UNKNOWN,Conkunitzin
Tsu94_Novel,Conkunitzin,UNKNOWN,Conkunitzin
Hal14_Novel,Conkunitzin,UNKNOWN,Conkunitzin
Hal4_8,Conkunitzin,O1,CONFLICT Conkunitzin and O1
Tgu4_8,Conkunitzin,O1,CONFLICT Conkunitzin and O1
Tar7_8,Conkunitzin,O1,CONFLICT Conkunitzin and O1
Tsu57_8,Conkunitzin,O1,CONFLICT Conkunitzin and O1
Tan138_8,Conkunitzin,CONFLICT L and O1,Conkunitzin
Tpu7_8,Conkunitzin,O1,CONFLICT Conkunitzin and O1
Hst3_8,Conkunitzin,M,CONFLICT Conkunitzin and M
Tare1_8,Conkunitzin,M,CONFLICT Conkunitzin and M
Tsu73_Novel,Conopressin-Conophysin,O1,CONFLICT Conopressin-Conophysin and O1
Tsu83_Novel,Conopressin-Conophysin,O1,CONFLICT Conopressin-Conophysin and O1
Tsu89_Novel,Conopressin-Conophysin,O1,CONFLICT Conopressin-Conophysin and O1
Tsu106_Novel,Conopressin-Conophysin,O1,CONFLICT Conopressin-Conophysin and O1
Tgu231_Novel,Conopressin-Conophysin,O1,CONFLICT Conopressin-Conophysin and O1
Tsu115_Novel,Conopressin-Conophysin,O1,CONFLICT Conopressin-Conophysin and O1
Tsu2_14,Conopressin-Conophysin,Conopressin-Conophysin,Conopressin-Conophysin
Hst1_11,UNKNOWN,CONFLICT O1 and A,UNKNOWN
Cje2_Novel,UNKNOWN,CONFLICT A and M,UNKNOWN
Tfr6_22,UNKNOWN,CONFLICT M and O1,UNKNOWN
Hst2_11,UNKNOWN,O1,O1
Cje3_Novel,UNKNOWN,A,A
Hst1_12,UNKNOWN,O1,O1
Tsu2_15,UNKNOWN,O1,O1
Cje4_Novel,UNKNOWN,A,A
Hst1_13,UNKNOWN,CONFLICT M and A,UNKNOWN
Tfr2_6,UNKNOWN,CONFLICT M and O1,UNKNOWN
Cje2_22,UNKNOWN,M,M
Hst2_13,UNKNOWN,CONFLICT A and O1,UNKNOWN
Tfr3_6,UNKNOWN,CONFLICT M and O1,UNKNOWN
Hst3_13,UNKNOWN,CONFLICT A and M,UNKNOWN
Cje3_22,UNKNOWN,M,M
Cje6_22,UNKNOWN,CONFLICT M and O1,UNKNOWN
Tsu3_15,UNKNOWN,CONFLICT M and O1,UNKNOWN
Tfr5_6,UNKNOWN,A,A
Hst1_15,UNKNOWN,CONFLICT M and O1,UNKNOWN
Tfr6_6,UNKNOWN,O1,O1
Tfr2_8,UNKNOWN,A,A
Hst11_22,UNKNOWN,CONFLICT M and O1,UNKNOWN
Cje1_6,UNKNOWN,O1,O1
Cje2_6,UNKNOWN,CONFLICT M and O1,UNKNOWN
Tfr3_8,UNKNOWN,M,M
Tfr5_8,UNKNOWN,A,A
Tfr1_9,UNKNOWN,M,M
Hst12_Novel,UNKNOWN,M,M
Cje3_6,UNKNOWN,CONFLICT M and O1,UNKNOWN
Hst13_22,UNKNOWN,CONFLICT M and O1,UNKNOWN
Tsu8_22,UNKNOWN,O1,O1
Tfr2_9,UNKNOWN,O1,O1
Hst14_22,UNKNOWN,CONFLICT M and O1,UNKNOWN
Tfr3_9,UNKNOWN,O1,O1
Cje4_6,UNKNOWN,CONFLICT M and O1,UNKNOWN
Tsu17_22,UNKNOWN,M,M
Tfr7_9,UNKNOWN,M,M
Tfu225_Novel,UNKNOWN,CONFLICT A and M,UNKNOWN
Hst15_22,UNKNOWN,O1,O1
Tsu11_22,UNKNOWN,O1,O1
Cje2_8,UNKNOWN,M,M
Cje3_8,UNKNOWN,A,A
Hst16_22,UNKNOWN,O1,O1
Cje4_8,UNKNOWN,A,A
Hst17_22,UNKNOWN,CONFLICT A and L,UNKNOWN
Cje5_8,UNKNOWN,A,A
Tfu226_Novel,UNKNOWN,A,A
Cje7_8,UNKNOWN,A,A
Tfu227_8,UNKNOWN,A,A
Hst2_22,UNKNOWN,M,M
Cje8_8,UNKNOWN,A,A
Cje9_8,UNKNOWN,A,A
Hst3_22,UNKNOWN,M,M
Cje2_9,UNKNOWN,A,A
Tsu13_22,UNKNOWN,M,M
Tfu228_Novel,UNKNOWN,O1,O1
Cje4_9,UNKNOWN,M,M
Hst5_22,UNKNOWN,O1,O1
Tsu14_22,UNKNOWN,M,M
Tfu2_22,UNKNOWN,M,M
Cje5_9,UNKNOWN,CONFLICT M and O1,UNKNOWN
Tfu3_22,UNKNOWN,A,A
Hst6_22,UNKNOWN,M,M
Tfu6_22,UNKNOWN,M,M
Tsu15_22,UNKNOWN,M,M
Tfu1_6,UNKNOWN,A,A
Hst7_22,UNKNOWN,M,M
Tsu16_22,UNKNOWN,CONFLICT M and A,UNKNOWN
Hst8_22,UNKNOWN,A,A
Cje6_9,UNKNOWN,O1,O1
Hst9_22,UNKNOWN,O1,O1
Tfu3_6,UNKNOWN,O1,O1
Hst1_6,UNKNOWN,O1,O1
Tsu14_6,UNKNOWN,O1,O1
Tfu4_6,UNKNOWN,O1,O1
Hal19_Novel,UNKNOWN,O1,O1
Hst10_6,UNKNOWN,O1,O1
Hal13_Novel,UNKNOWN,CONFLICT A and O1,UNKNOWN
Tfu5_6,UNKNOWN,O1,O1
Tsu23_6,UNKNOWN,O1,O1
Tfu6_6,UNKNOWN,CONFLICT M and O1,UNKNOWN
Tsu15_6,UNKNOWN,O1,O1
Hal12_Novel,UNKNOWN,M,M
Hal16_Novel,UNKNOWN,A,A
Tfu2_8,UNKNOWN,A,A
Hst15_6,UNKNOWN,CONFLICT M and O1,UNKNOWN
Tfu3_8,UNKNOWN,CONFLICT A and M,UNKNOWN
Tsu16_6,UNKNOWN,O1,O1
Hst17_6,UNKNOWN,A,A
Tsu17_6,UNKNOWN,CONFLICT M and O1,UNKNOWN
Tfu5_8,UNKNOWN,A,A
Hst2_6,UNKNOWN,CONFLICT M and O1,UNKNOWN
Hal20_Novel,UNKNOWN,CONFLICT A and M,UNKNOWN
Tfu6_8,UNKNOWN,A,A
Tfu7_8,UNKNOWN,A,A
Tfu3_9,UNKNOWN,M,M
Hst3_6,UNKNOWN,CONFLICT M and O1,UNKNOWN
Hal2_13,UNKNOWN,CONFLICT A and M,UNKNOWN
Tfu5_9,UNKNOWN,O1,O1
Hal1_15,UNKNOWN,O1,O1
Hst5_6,UNKNOWN,O1,O1
Tgu234_Novel,UNKNOWN,O1,O1
Hst6_6,UNKNOWN,CONFLICT A and O1,UNKNOWN
Hst7_6,UNKNOWN,CONFLICT A and O1,UNKNOWN
Tsu20_6,UNKNOWN,CONFLICT M and O1,UNKNOWN
Tgu235_Novel,UNKNOWN,O1,O1
Hal2_15,UNKNOWN,CONFLICT A and O1,UNKNOWN
Hst8_6,UNKNOWN,O1,O1
Hst9_6,UNKNOWN,O1,O1
Hst1_8,UNKNOWN,A,A
Hst10_8,UNKNOWN,A,A
Hst4_8,UNKNOWN,M,M
Hst8_8,UNKNOWN,A,A
Tsu9_8,UNKNOWN,A,A
Hst1_9,UNKNOWN,M,M
Hst2_9,UNKNOWN,M,M
Hal2_22,UNKNOWN,CONFLICT M and O1,UNKNOWN
Tsu18_8,UNKNOWN,A,A
Hst3_9,UNKNOWN,O1,O1
Tsu19_8,UNKNOWN,A,A
Hst5_9,UNKNOWN,M,M
Tgu232_Novel,UNKNOWN,M,M
Tgu236_Novel,UNKNOWN,A,A
Tsu20_8,UNKNOWN,A,A
Tgu237_Novel,UNKNOWN,A,A
Mki54_Novel,UNKNOWN,M,M
Tgu1_11,UNKNOWN,CONFLICT A and M,UNKNOWN
Hal5_22,UNKNOWN,M,M
Tsu10_8,UNKNOWN,A,A
Tsu11_8,UNKNOWN,A,A
Hal7_22,UNKNOWN,O1,O1
Hal8_22,UNKNOWN,O1,O1
Mki1_11,UNKNOWN,CONFLICT A and M,UNKNOWN
Tsu15_8,UNKNOWN,M,M
Hal9_22,UNKNOWN,M,M
Hal1_6,UNKNOWN,CONFLICT A and O1,UNKNOWN
Tgu1_13,UNKNOWN,O1,O1
Tgu1_15,UNKNOWN,CONFLICT A and O1,UNKNOWN
Tsu14_9,UNKNOWN,M,M
Mki1_12,UNKNOWN,O1,O1
Mki1_15,UNKNOWN,O1,O1
Tgu1_22,UNKNOWN,M,M
Tgu2_22,UNKNOWN,CONFLICT M and O1,UNKNOWN
Hal3_6,UNKNOWN,O1,O1
Mki3_22,UNKNOWN,CONFLICT M and O1,UNKNOWN
Tsu16_9,UNKNOWN,M,M
Hal4_6,UNKNOWN,CONFLICT M and O1,UNKNOWN
Tsu17_9,UNKNOWN,A,A
Mki1_6,UNKNOWN,O1,O1
Tgu4_22,UNKNOWN,O1,O1
Hal5_6,UNKNOWN,CONFLICT M and O1,UNKNOWN
Tsu18_9,UNKNOWN,O1,O1
Mki10_6,UNKNOWN,O1,O1
Tsu98_19,UNKNOWN,CONFLICT A and O1,UNKNOWN
Tgu5_22,UNKNOWN,M,M
Mki12_6,UNKNOWN,CONFLICT A and O1,UNKNOWN
Tgu11_6,UNKNOWN,O1,O1
Tgu12_6,UNKNOWN,CONFLICT A and O1,UNKNOWN
Hal6_6,UNKNOWN,CONFLICT M and O1,UNKNOWN
Mki2_6,UNKNOWN,CONFLICT A and O1,UNKNOWN
Tsu99_Novel,UNKNOWN,CONFLICT A and M,UNKNOWN
Tgu2_6,UNKNOWN,O1,O1
Mki3_6,UNKNOWN,O1,O1
Hal7_6,UNKNOWN,CONFLICT M and O1,UNKNOWN
Tgu4_6,UNKNOWN,CONFLICT M and O1,UNKNOWN
Hal9_6,UNKNOWN,A,A
Mki5_6,UNKNOWN,O1,O1
Hal11_8,UNKNOWN,A,A
Mki6_6,UNKNOWN,O1,O1
Tgu5_6,UNKNOWN,CONFLICT M and O1,UNKNOWN
Hal3_8,UNKNOWN,M,M
Mki7_6,UNKNOWN,O1,O1
Mki8_6,UNKNOWN,O1,O1
Mki9_6,UNKNOWN,O1,O1
Hal5_8,UNKNOWN,A,A
Tam206_Novel,UNKNOWN,A,A
Hal1_9,UNKNOWN,M,M
Tgu7_6,UNKNOWN,O1,O1
Hal10_9,UNKNOWN,L,L
Tgu8_6,UNKNOWN,CONFLICT M and O1,UNKNOWN
Tam204_Novel,UNKNOWN,O1,O1
Hal15_9,UNKNOWN,O1,O1
Hal16_9,UNKNOWN,O1,O1
Tgu9_6,UNKNOWN,CONFLICT A and M,UNKNOWN
Tam205_Novel,UNKNOWN,O1,O1
Tam208_Novel,UNKNOWN,M,M
Hal5_9,UNKNOWN,M,M
Tgu2_8,UNKNOWN,A,A
Hal6_9,UNKNOWN,A,A
Tam1_12,UNKNOWN,O1,O1
Hal7_9,UNKNOWN,M,M
Tam3_22,UNKNOWN,CONFLICT M and O1,UNKNOWN
Tgu10_9,UNKNOWN,L,L
Tam4_22,UNKNOWN,M,M
Tam5_22,UNKNOWN,M,M
Tam6_22,UNKNOWN,M,M
Tgu2_9,UNKNOWN,O1,O1
Tam1_6,UNKNOWN,CONFLICT A and M,UNKNOWN
Tgu3_9,UNKNOWN,A,A
Tsu87_Novel,UNKNOWN,M,M
Hhe22_Novel,UNKNOWN,O1,O1
Hhe23_Novel,UNKNOWN,CONFLICT A and O1,UNKNOWN
Tgu4_9,UNKNOWN,O1,O1
Tsu93_Novel,UNKNOWN,CONFLICT A and O1,UNKNOWN
Tgu5_9,UNKNOWN,M,M
Tgu6_9,UNKNOWN,M,M
Tam2_8,UNKNOWN,M,M
Tam6_8,UNKNOWN,A,A
Hhe24_Novel,UNKNOWN,M,M
Tpu247_Novel,UNKNOWN,CONFLICT A and M,UNKNOWN
Tam7_8,UNKNOWN,A,A
Hhe1_Novel,UNKNOWN,A,A
Tam8_8,UNKNOWN,M,M
Hhe1_11,UNKNOWN,CONFLICT A and M,UNKNOWN
Tsu95_Novel,UNKNOWN,M,M
Tan200_Novel,UNKNOWN,O1,O1
Tsu90_Novel,UNKNOWN,O1,O1
Tan201_Novel,UNKNOWN,O1,O1
Tpu242_Novel,UNKNOWN,CONFLICT A and M,UNKNOWN
Tan169_11,UNKNOWN,O1,O1
Tan170_11,UNKNOWN,CONFLICT A and O1,UNKNOWN
Hhe1_12,UNKNOWN,O1,O1
Hhe1_15,UNKNOWN,CONFLICT M and O1,UNKNOWN
Tpu243_Novel,UNKNOWN,CONFLICT A and M,UNKNOWN
Tan171_13,UNKNOWN,CONFLICT M and A,UNKNOWN
Tan172_13,UNKNOWN,CONFLICT L and O1,UNKNOWN
Tsu5_11,UNKNOWN,CONFLICT A and M,UNKNOWN
Hhe2_15,UNKNOWN,O1,O1
Tan173_13,UNKNOWN,O1,O1
Tan174_13,UNKNOWN,CONFLICT L and O1,UNKNOWN
Tpu2_6,UNKNOWN,O1,O1
Tpu3_6,UNKNOWN,CONFLICT A and O1,UNKNOWN
Tan175_13,UNKNOWN,CONFLICT A and L,UNKNOWN
Tan180_15,UNKNOWN,CONFLICT A and O1,UNKNOWN
Hhe1_22,UNKNOWN,M,M
Tpu4_6,UNKNOWN,O1,O1
Tsu4_15,UNKNOWN,O1,O1
Tpu1_8,UNKNOWN,A,A
Hhe2_22,UNKNOWN,CONFLICT M and O1,UNKNOWN
Tpu10_8,UNKNOWN,A,A
Tan181_15,UNKNOWN,O1,O1
Tpu2_8,UNKNOWN,A,A
Tpu3_8,UNKNOWN,A,A
Tan182_15,UNKNOWN,CONFLICT M and O1,UNKNOWN
Tpu4_8,UNKNOWN,A,A
Hhe4_22,UNKNOWN,O1,O1
Tpu5_8,UNKNOWN,A,A
Tpu6_8,UNKNOWN,A,A
Tan183_15,UNKNOWN,CONFLICT M and O1,UNKNOWN
Hhe5_22,UNKNOWN,M,M
Tsu5_15,UNKNOWN,CONFLICT A and M,UNKNOWN
Hhe2_6,UNKNOWN,O1,O1
Hhe3_6,UNKNOWN,CONFLICT M and O1,UNKNOWN
Tpu8_8,UNKNOWN,CONFLICT A and M,UNKNOWN
Tan184_22,UNKNOWN,O1,O1
Tan193_22,UNKNOWN,O1,O1
Tan185_22,UNKNOWN,O1,O1
Tpu1_9,UNKNOWN,O1,O1
Hhe6_6,UNKNOWN,O1,O1
Tan188_22,UNKNOWN,CONFLICT A and M,UNKNOWN
Tsu6_15,UNKNOWN,CONFLICT M and O1,UNKNOWN
Tsp216_Novel,UNKNOWN,O1,O1
Hhe1_8,UNKNOWN,A,A
Hhe2_8,UNKNOWN,A,A
Tan189_22,UNKNOWN,O1,O1
Hhe3_8,UNKNOWN,A,A
Tsp219_Novel,UNKNOWN,CONFLICT A and O1,UNKNOWN
Hhe4_8,UNKNOWN,A,A
Tan191_Novel,UNKNOWN,O1,O1
Tan192_Novel,UNKNOWN,O1,O1
Hma28_Novel,UNKNOWN,M,M
Hma25_Novel,UNKNOWN,CONFLICT A and M,UNKNOWN
Tsu18_22,UNKNOWN,M,M
Tan128_6,UNKNOWN,O1,O1
Tan129_6,UNKNOWN,O1,O1
Tsu20_22,UNKNOWN,O1,O1
Tsp224_Novel,UNKNOWN,O1,O1
Tan130_6,UNKNOWN,CONFLICT M and O1,UNKNOWN
Tsp9_11,UNKNOWN,CONFLICT A and M,UNKNOWN
Tsu23_22,UNKNOWN,M,M
Hma26_Novel,UNKNOWN,CONFLICT M and O1,UNKNOWN
Tsu24_22,UNKNOWN,CONFLICT M and A,UNKNOWN
Tan131_6,UNKNOWN,O1,O1
Hma27_Novel,UNKNOWN,CONFLICT M and O1,UNKNOWN
Tan132_6,UNKNOWN,O1,O1
Tsu25_22,UNKNOWN,M,M
Tan133_6,UNKNOWN,O1,O1
Tan134_6,UNKNOWN,O1,O1
Hma3_22,UNKNOWN,M,M
Tan135_6,UNKNOWN,CONFLICT L and O1,UNKNOWN
Tsp11_11,UNKNOWN,O1,O1
Hma1_6,UNKNOWN,CONFLICT M and O1,UNKNOWN
Tsu25_6,UNKNOWN,O1,O1
Tsp1_12,UNKNOWN,O1,O1
Tsp1_13,UNKNOWN,CONFLICT A and O1,UNKNOWN
Tan123_6,UNKNOWN,A,A
Tan126_6,UNKNOWN,O1,O1
Hma1_8,UNKNOWN,CONFLICT A and M,UNKNOWN
Tan127_6,UNKNOWN,CONFLICT M and O1,UNKNOWN
Hma4_8,UNKNOWN,A,A
Tsp2_15,UNKNOWN,CONFLICT A and O1,UNKNOWN
Hma5_8,UNKNOWN,A,A
Tsu39_6,UNKNOWN,CONFLICT M and O1,UNKNOWN
Hma6_8,UNKNOWN,A,A
Hma7_8,UNKNOWN,A,A
Tsp4_15,UNKNOWN,O1,O1
Tan148_8,UNKNOWN,O1,O1
Tan149_8,UNKNOWN,CONFLICT L and O1,UNKNOWN
Hma1_9,UNKNOWN,O1,O1
Tsu40_6,UNKNOWN,CONFLICT M and O1,UNKNOWN
Tan153_8,UNKNOWN,CONFLICT A and M,UNKNOWN
Hma3_9,UNKNOWN,CONFLICT A and M,UNKNOWN
Tsp5_15,UNKNOWN,O1,O1
Tan140_8,UNKNOWN,A,A
Hso47_Novel,UNKNOWN,CONFLICT A and O1,UNKNOWN
Tan141_8,UNKNOWN,M,M
Tsu41_6,UNKNOWN,O1,O1
Tan142_8,UNKNOWN,A,A
Tsu26_6,UNKNOWN,CONFLICT A and M,UNKNOWN
Tan144_8,UNKNOWN,L,L
Tsp1_22,UNKNOWN,O1,O1
Tan145_8,UNKNOWN,M,M
Hso49_Novel,UNKNOWN,O1,O1
Tsp2_22,UNKNOWN,CONFLICT M and O1,UNKNOWN
Tan146_8,UNKNOWN,CONFLICT M and O1,UNKNOWN
Hso52_Novel,UNKNOWN,M,M
Hso43_Novel,UNKNOWN,A,A
Tsu27_6,UNKNOWN,O1,O1
Tan156_9,UNKNOWN,M,M
Tsp3_22,UNKNOWN,M,M
Tan157_9,UNKNOWN,M,M
Tsu28_6,UNKNOWN,O1,O1
Tan158_9,UNKNOWN,M,M
Tsp4_22,UNKNOWN,M,M
Tsp5_22,UNKNOWN,CONFLICT A and M,UNKNOWN
Tan159_9,UNKNOWN,CONFLICT M and O1,UNKNOWN
Hso2_11,UNKNOWN,CONFLICT A and O1,UNKNOWN
Tsu29_6,UNKNOWN,A,A
Tan161_9,UNKNOWN,M,M
Tsu30_6,UNKNOWN,CONFLICT M and O1,UNKNOWN
Tar1_22,UNKNOWN,M,M
Tar210_Novel,UNKNOWN,O1,O1
Tsp6_22,UNKNOWN,M,M
Tar1_6,UNKNOWN,A,A
Hso1_13,UNKNOWN,CONFLICT A and O1,UNKNOWN
Tar1_8,UNKNOWN,A,A
Tsp7_22,UNKNOWN,O1,O1
Tar2_8,UNKNOWN,A,A
Hso1_15,UNKNOWN,CONFLICT M and O1,UNKNOWN
Tar3_8,UNKNOWN,A,A
Tsu32_6,UNKNOWN,O1,O1
Tsp1_6,UNKNOWN,O1,O1
Tar5_8,UNKNOWN,A,A
Tar6_8,UNKNOWN,CONFLICT M and O1,UNKNOWN
Tsu33_8,UNKNOWN,A,A
Tsp15_6,UNKNOWN,A,A
Hso3_15,UNKNOWN,O1,O1
Tsu36_8,UNKNOWN,A,A
Tsp16_6,UNKNOWN,CONFLICT A and O1,UNKNOWN
Tsu25_8,UNKNOWN,A,A
Tar8_8,UNKNOWN,A,A
Tsp17_6,UNKNOWN,CONFLICT A and O1,UNKNOWN
Tsu26_8,UNKNOWN,A,A
Tar9_8,UNKNOWN,A,A
Tsu28_8,UNKNOWN,L,L
Tsp18_6,UNKNOWN,O1,O1
Tar5_9,UNKNOWN,O1,O1
Tsu29_8,UNKNOWN,L,L
Tar6_9,UNKNOWN,M,M
Tsp2_6,UNKNOWN,O1,O1
Tsu30_8,UNKNOWN,A,A
Tar211_Novel,UNKNOWN,O1,O1
Tsp3_6,UNKNOWN,O1,O1
Hso5_15,UNKNOWN,O1,O1
Tsp4_6,UNKNOWN,CONFLICT M and O1,UNKNOWN
Tsu32_8,UNKNOWN,M,M
Tba214_Novel,UNKNOWN,O1,O1
Tsu35_9,UNKNOWN,O1,O1
Tba212_Novel,UNKNOWN,M,M
Tsp5_6,UNKNOWN,CONFLICT M and O1,UNKNOWN
Tba215_Novel,UNKNOWN,O1,O1
Hso2_22,UNKNOWN,O1,O1
Tba1_22,UNKNOWN,M,M
Tsu38_9,UNKNOWN,M,M
Hso3_22,UNKNOWN,M,M
Tba2_22,UNKNOWN,M,M
Hso4_22,UNKNOWN,M,M
Tba1_6,UNKNOWN,O1,O1
Tsp9_6,UNKNOWN,CONFLICT M and O1,UNKNOWN
Hso5_22,UNKNOWN,CONFLICT M and O1,UNKNOWN
Tsp10_8,UNKNOWN,A,A
Tsu32_9,UNKNOWN,M,M
Tsp11_8,UNKNOWN,A,A
Tsp13_8,UNKNOWN,A,A
Hso6_22,UNKNOWN,M,M
Tsp15_8,UNKNOWN,CONFLICT A and O1,UNKNOWN
Hso7_22,UNKNOWN,CONFLICT M and O1,UNKNOWN
Tba1_8,UNKNOWN,M,M
Tba12_8,UNKNOWN,A,A
Tba13_8,UNKNOWN,A,A
Tsu104_Novel,UNKNOWN,O1,O1
Hso8_22,UNKNOWN,CONFLICT A and M,UNKNOWN
Tsp16_8,UNKNOWN,A,A
Tba2_8,UNKNOWN,A,A
Tsp6_8,UNKNOWN,A,A
Tba3_8,UNKNOWN,A,A
Tsp7_8,UNKNOWN,A,A
Tsp9_8,UNKNOWN,A,A
Tba4_8,UNKNOWN,CONFLICT M and O1,UNKNOWN
Tsu105_Novel,UNKNOWN,O1,O1
Tsp1_9,UNKNOWN,O1,O1
Tsp11_9,UNKNOWN,M,M
Tba5_8,UNKNOWN,A,A
Hso12_6,UNKNOWN,O1,O1
Tba6_8,UNKNOWN,A,A
Tsp13_9,UNKNOWN,CONFLICT M and A,UNKNOWN
Tba7_8,UNKNOWN,A,A
Tba8_8,UNKNOWN,A,A
Tba9_8,UNKNOWN,A,A
Tsp2_9,UNKNOWN,O1,O1
Hso14_6,UNKNOWN,O1,O1
Hso15_6,UNKNOWN,O1,O1
Tba1_9,UNKNOWN,O1,O1
Hso17_6,UNKNOWN,A,A
Tsp6_9,UNKNOWN,M,M
Tba3_9,UNKNOWN,M,M
Tsp7_9,UNKNOWN,M,M
Hso4_6,UNKNOWN,A,A
Tex58_Novel,UNKNOWN,O1,O1
Tsu63_Novel,UNKNOWN,O1,O1
Tex60_Novel,UNKNOWN,CONFLICT A and O1,UNKNOWN
Tsu72_Novel,UNKNOWN,O1,O1
Tex57_Novel,UNKNOWN,A,A
Hso7_6,UNKNOWN,CONFLICT M and O1,UNKNOWN
Tsu69_Novel,UNKNOWN,O1,O1
Tex61_Novel,UNKNOWN,A,A
Tsu101_Novel,UNKNOWN,M,M
Tex1_15,UNKNOWN,CONFLICT M and O1,UNKNOWN
Hso8_6,UNKNOWN,CONFLICT M and O1,UNKNOWN
Hso9_6,UNKNOWN,CONFLICT A and M,UNKNOWN
Tex1_22,UNKNOWN,CONFLICT M and O1,UNKNOWN
Hso10_8,UNKNOWN,A,A
Tsu103_Novel,UNKNOWN,A,A
Hso11_8,UNKNOWN,A,A
Tex2_22,UNKNOWN,M,M
Hso14_8,UNKNOWN,A,A
Tex3_22,UNKNOWN,M,M
Tsu71_Novel,UNKNOWN,M,M
Hso16_8,UNKNOWN,A,A
Tsu75_Novel,UNKNOWN,A,A
Tex1_6,UNKNOWN,CONFLICT M and O1,UNKNOWN
Hso17_8,UNKNOWN,A,A
Hso21_8,UNKNOWN,A,A
Tsu7_15,UNKNOWN,CONFLICT M and O1,UNKNOWN
Hso3_8,UNKNOWN,A,A
Tex2_6,UNKNOWN,O1,O1
Hso4_8,UNKNOWN,CONFLICT A and O1,UNKNOWN
Tsu74_Novel,UNKNOWN,A,A
Tsu78_Novel,UNKNOWN,A,A
Tex6_6,UNKNOWN,CONFLICT M and O1,UNKNOWN
Hso5_8,UNKNOWN,CONFLICT A and O1,UNKNOWN
Tsu8_15,UNKNOWN,O1,O1
Tex1_8,UNKNOWN,A,A
Tsu2_11,UNKNOWN,CONFLICT A and M,UNKNOWN
Tex3_8,UNKNOWN,A,A
Hso6_8,UNKNOWN,A,A
Tex1_9,UNKNOWN,M,M
Hso7_8,UNKNOWN,A,A
Tsu70_Novel,UNKNOWN,CONFLICT A and O1,UNKNOWN
Tex9_9,UNKNOWN,M,M
Hso8_8,UNKNOWN,M,M
Hso9_8,UNKNOWN,A,A
Tfr249_Novel,UNKNOWN,M,M
Tfr250_Novel,UNKNOWN,A,A
Hso10_9,UNKNOWN,O1,O1
Tsu27_22,UNKNOWN,M,M
Tfr251_Novel,UNKNOWN,A,A
Hso11_9,UNKNOWN,M,M
Tsu64_33,UNKNOWN,O1,O1
Tfr3_22,UNKNOWN,O1,O1
Tsu28_22,UNKNOWN,M,M
Tsu29_22,UNKNOWN,CONFLICT M and A,UNKNOWN
Hso14_9,UNKNOWN,O1,O1
Hso15_9,UNKNOWN,CONFLICT A and M,UNKNOWN
Tsu31_22,UNKNOWN,M,M
Tsu1_22,UNKNOWN,M,M
Tsu2_22,UNKNOWN,A,A
Hso3_9,UNKNOWN,M,M
Tsu42_6,UNKNOWN,CONFLICT M and O1,UNKNOWN
Tsu3_22,UNKNOWN,O1,O1
Tsu4_22,UNKNOWN,M,M
Tsu5_22,UNKNOWN,CONFLICT M and O1,UNKNOWN
Hst36_33,UNKNOWN,A,A
Hst39_Novel,UNKNOWN,CONFLICT A and O1,UNKNOWN
Tsu6_22,UNKNOWN,CONFLICT M and A,UNKNOWN
Hst40_Novel,UNKNOWN,CONFLICT A and O1,UNKNOWN
Tsu7_22,UNKNOWN,M,M
Tsu1_6,UNKNOWN,CONFLICT M and O1,UNKNOWN
Tsu46_6,UNKNOWN,CONFLICT M and O1,UNKNOWN
Tsu11_6,UNKNOWN,CONFLICT M and O1,UNKNOWN
Tsu47_6,UNKNOWN,O1,O1
Tsu48_6,UNKNOWN,O1,O1
Hst37_Novel,UNKNOWN,M,M
Tsu49_6,UNKNOWN,CONFLICT A and M,UNKNOWN
Hst33_Novel,UNKNOWN,O1,O1
Tsu12_6,UNKNOWN,O1,O1
Tsu2_6,UNKNOWN,CONFLICT M and O1,UNKNOWN
Hst34_Novel,UNKNOWN,M,M
Hst35_Novel,UNKNOWN,M,M
Tsu3_6,UNKNOWN,O1,O1
Tsu50_6,UNKNOWN,O1,O1
Tsu39_8,UNKNOWN,M,M
Tsu49_8,UNKNOWN,A,A
Tsu52_8,UNKNOWN,A,A
Tsu41_8,UNKNOWN,A,A
Tsu44_8,UNKNOWN,A,A
Tsu5_8,UNKNOWN,M,M
Tsu46_8,UNKNOWN,A,A
Tsu7_8,UNKNOWN,A,A
Tsu4_9,UNKNOWN,M,M
Tsu47_8,UNKNOWN,A,A
Tsu39_9,UNKNOWN,M,M
Tsu5_9,UNKNOWN,O1,O1
Tsu40_9,UNKNOWN,O1,O1
Tsu41_9,UNKNOWN,M,M
Tsu9_9,UNKNOWN,M,M
Tsu84_Novel,UNKNOWN,O1,O1
Tsu43_9,UNKNOWN,M,M
Tsu86_Novel,UNKNOWN,O1,O1
Tsu47_9,UNKNOWN,CONFLICT M and O1,UNKNOWN
Tsu116_Novel,UNKNOWN,O1,O1
Tsu82_Novel,UNKNOWN,A,A
Tsu113_Novel,UNKNOWN,A,A
Tsu7_11,UNKNOWN,CONFLICT A and M,UNKNOWN
Tsu1_13,UNKNOWN,CONFLICT A and O1,UNKNOWN
Tsu9_15,UNKNOWN,O1,O1
Tsu10_15,UNKNOWN,CONFLICT A and O1,UNKNOWN
Tsu11_15,UNKNOWN,CONFLICT A and M,UNKNOWN
Tsu12_15,UNKNOWN,CONFLICT A and M,UNKNOWN
Tsu13_15,UNKNOWN,CONFLICT A and O1,UNKNOWN
Tsu32_22,UNKNOWN,CONFLICT M and O1,UNKNOWN
Ts34_22,UNKNOWN,M,M
Tsu54_6,UNKNOWN,O1,O1
Tsu56_6,UNKNOWN,CONFLICT A and O1,UNKNOWN
Tsu57_6,UNKNOWN,A,A
Tsu63_8,UNKNOWN,A,A
Tsu67_8,UNKNOWN,A,A
Tsu58_8,UNKNOWN,M,M
Tsu59_8,UNKNOWN,A,A
Tsu61_8,UNKNOWN,A,A
Tsu58_9,UNKNOWN,M,M
Tsu60_9,UNKNOWN,O1,O1
Tsu49_9,UNKNOWN,M,M
Tsu50_9,UNKNOWN,A,A
Tsu51_9,UNKNOWN,A,A
Tsu52_9,UNKNOWN,A,A
Tsu53_9,UNKNOWN,A,A
Tsu56_9,UNKNOWN,M,M
Ttr240_Novel,UNKNOWN,O1,O1
Ttr2_22,UNKNOWN,M,M
Ttr1_6,UNKNOWN,O1,O1
Ttr2_6,UNKNOWN,CONFLICT M and O1,UNKNOWN
Ttr4_6,UNKNOWN,CONFLICT M and O1,UNKNOWN
Ttr5_6,UNKNOWN,CONFLICT M and O1,UNKNOWN
Ttr1_8,UNKNOWN,M,M
Ttr2_8,UNKNOWN,A,A
Ttr3_8,UNKNOWN,A,A
Ttr4_8,UNKNOWN,A,A
Ttr5_8,UNKNOWN,M,M
Ttr9_8,UNKNOWN,A,A
Ttr1_9,UNKNOWN,M,M
